<?xml version="1.0" encoding="UTF-8" standalone="yes"?>
<addon id="plugin.video.yourname" name="yourname here" version="1.0.0" provider-name="Your website here">
  <requires>
    <import addon="xbmc.python" version="2.1.0"/>
  </requires>
  <extension point="xbmc.python.pluginsource" library="default.py">
        <provides>video executable</provides>
  </extension>
  <extension point="xbmc.addon.metadata">
    <summary lang="en">yourname Wizard</summary>
    <description lang="en">your Description here</description>
    <platform>all</platform>
  </extension>
</addon>
